"STATION","NAME","DATE","AWND","CDSD","CLDD","DP01","DP10","DSND","DSNW","DT00","DT32","DX32","DX70","DX90","EMNT","EMSD","EMSN","EMXP","EMXT","HDSD","HTDD","PRCP","SNOW","TAVG","TMAX","TMIN","TSUN","WDF2","WDF5","WSF2","WSF5"
"USW00023234","SAN FRANCISCO INTERNATIONAL AIRPORT, CA US","2000-01","6.9","0","0","15","10",,,"0","0","0","0","0","38",,,"1.72","69","1410","391","5.83",,"52.4","57.8","47.0",,"180","180","38.9","46"
"USW00023234","SAN FRANCISCO INTERNATIONAL AIRPORT, CA US","2000-02","8.7","0","0","20","15",,,"0","0","0","0","0","42",,,"1.61","64","1743","334","8.46",,"53.5","58.6","48.4",,"170","180","40.0","54"
"USW00023234","SAN FRANCISCO INTERNATIONAL AIRPORT, CA US","2000-03","10.7","2","2","7","5",,,"0","0","0","4","0","41",,,"0.63","76","2076","333","1.74",,"54.3","61.6","47.1",,"260","260","46.1","51"
"USW00023234","SAN FRANCISCO INTERNATIONAL AIRPORT, CA US","2000-04","12.1","11","9","5","3",,,"0","0","0","5","0","46",,,"0.64","85","2290","213","1.30",,"58.2","65.6","50.8",,"260","260","34.0","39"
"USW00023234","SAN FRANCISCO INTERNATIONAL AIRPORT, CA US","2000-05","14.3","37","26","5","3",,,"0","0","0","8","1","47",,,"0.23","92","2464","174","0.53",,"60.2","68.0","52.4",,"260","260","40.9","48"
"USW00023234","SAN FRANCISCO INTERNATIONAL AIRPORT, CA US","2000-06","13.2","73","36","2","1",,,"0","0","0","13","2","50",,,"0.12","105","2564","100","0.14",,"62.9","71.1","54.6",,"260","270","33.1","38"
"USW00023234","SAN FRANCISCO INTERNATIONAL AIRPORT, CA US","2000-07","13.2","75","1","0","0",,,"0","0","0","10","0","51",,,"0.00","79","115","115","0.00",,"61.3","68.2","54.5",,"240","240","34.9","40"
"USW00023234","SAN FRANCISCO INTERNATIONAL AIRPORT, CA US","2000-08","11.9","92","18","1","0",,,"0","0","0","21","0","53",,,"0.01","88","177","62","0.01",,"63.6","71.9","55.2",,"250","250","36.0","40"
"USW00023234","SAN FRANCISCO INTERNATIONAL AIRPORT, CA US","2000-09","9.6","164","71","1","0",,,"0","0","0","24","3","51",,,"0.07","93","212","36","0.07",,"66.2","75.4","56.9",,"270","260","31.1","37"
"USW00023234","SAN FRANCISCO INTERNATIONAL AIRPORT, CA US","2000-10","9.8","165","1","7","4",,,"0","0","0","6","0","47",,,"1.15","76","370","158","2.14",,"60.0","66.9","53.0",,"150","150","31.1","40"
"USW00023234","SAN FRANCISCO INTERNATIONAL AIRPORT, CA US","2000-11","6.9","165","0","6","4",,,"0","0","0","1","0","39",,,"0.34","70","744","374","0.91",,"52.5","59.1","46.0",,"260","260","38.0","45"
"USW00023234","SAN FRANCISCO INTERNATIONAL AIRPORT, CA US","2000-12","5.1","165","0","5","2",,,"0","0","0","0","0","40",,,"0.16","63","1160","417","0.44",,"51.5","57.9","45.2",,"260","220","19.9","26"
"USW00023234","SAN FRANCISCO INTERNATIONAL AIRPORT, CA US","2001-01","7.4","0","0","11","7",,,"0","0","0","0","0","37",,,"0.96","60","1663","503","3.87",,"48.8","55.6","41.9",,"160","170","38.9","48"
"USW00023234","SAN FRANCISCO INTERNATIONAL AIRPORT, CA US","2001-02","9.4","0","0","14","11",,,"0","0","0","1","0","38",,,"0.86","71","2056","393","6.12",,"51.0","57.3","44.6",,"270","270","44.1","51"
"USW00023234","SAN FRANCISCO INTERNATIONAL AIRPORT, CA US","2001-03","10.5","0","0","9","4",,,"0","0","0","4","0","42",,,"0.37","76","2346","290","1.02",,"55.7","62.8","48.5",,"270","240","32.0","41"
"USW00023234","SAN FRANCISCO INTERNATIONAL AIRPORT, CA US","2001-04","13.6","0","0","8","4",,,"0","0","0","2","0","42",,,"0.69","76","2690","343","1.56",,"53.6","60.4","46.7",,"260","260","45.0","53"
"USW00023234","SAN FRANCISCO INTERNATIONAL AIRPORT, CA US","2001-05","12.8","38","38","0","0",,,"0","0","0","18","2","50",,,"0.00","95","2801","112","0.00",,"62.6","72.4","52.9","0","260","260","34.9","39"
"USW00023234","SAN FRANCISCO INTERNATIONAL AIRPORT, CA US","2001-06","14.8","66","28","1","1",,,"0","0","0","16","0","50",,,"0.10","87","2902","101","0.10",,"62.6","71.6","53.6",,"250","260","40.0","47"
"USW00023234","SAN FRANCISCO INTERNATIONAL AIRPORT, CA US","2001-07","11.9","78","12","0","0",,,"0","0","0","15","0","53",,,"0.00","87","84","84","0.00",,"62.7","70.0","55.4",,"260","260","31.1","36"
"USW00023234","SAN FRANCISCO INTERNATIONAL AIRPORT, CA US","2001-08","13.0","87","8","0","0",,,"0","0","0","17","0","53",,,"0.00","79","150","66","0.00",,"63.1","70.0","56.3",,"260","260","34.9","46"
"USW00023234","SAN FRANCISCO INTERNATIONAL AIRPORT, CA US","2001-09","10.3","101","15","2","0",,,"0","0","0","15","1","51",,,"0.09","94","230","79","0.11",,"62.9","70.5","55.2",,"270","250","29.1","36"
"USW00023234","SAN FRANCISCO INTERNATIONAL AIRPORT, CA US","2001-10","8.3","127","25","1","1",,,"0","0","0","11","0","49",,,"0.31","89","336","106","0.31",,"62.4","70.3","54.4","0","260","270","29.1","35"
"USW00023234","SAN FRANCISCO INTERNATIONAL AIRPORT, CA US","2001-11","7.2","127","0","12","5",,,"0","0","0","4","0","44",,,"1.32","75","569","232","4.51",,"57.3","63.7","50.8",,"240","240","46.1","55"
"USW00023234","SAN FRANCISCO INTERNATIONAL AIRPORT, CA US","2001-12","8.5","127","0","19","12",,,"0","0","0","0","0","42",,,"1.85","61","983","414","8.55",,"51.6","56.1","47.2",,"160","160","45.0","55"
"USW00023234","SAN FRANCISCO INTERNATIONAL AIRPORT, CA US","2002-01","5.8","0","0","6","4",,,"0","0","0","0","0","35",,,"0.71","63","1479","496","1.38",,"49.0","55.0","43.0","0","280","280","25.9","32"
"USW00023234","SAN FRANCISCO INTERNATIONAL AIRPORT, CA US","2002-02","6.0","0","0","6","5",,,"0","0","0","4","0","38",,,"0.36","74","1807","328","1.50",,"53.3","60.8","45.8","0","240","230","32.0","37"
"USW00023234","SAN FRANCISCO INTERNATIONAL AIRPORT, CA US","2002-03","10.5","0","0","7","6",,,"0","0","0","2","0","38",,,"0.59","72","2154","347","2.13",,"53.8","61.1","46.5","0","270","260","36.9","44"
"USW00023234","SAN FRANCISCO INTERNATIONAL AIRPORT, CA US","2002-04","12.1","0","0","3","2",,,"0","0","0","4","0","45",,,"0.21","76","2402","248","0.36",,"56.7","63.7","49.7",,"250","250","46.1","52"
"USW00023234","SAN FRANCISCO INTERNATIONAL AIRPORT, CA US","2002-05","14.1","3","3","3","2",,,"0","0","0","6","0","47",,,"0.32","78","2624","222","0.48",,"58.0","65.1","50.8","0","250","250","38.0","44"
"USW00023234","SAN FRANCISCO INTERNATIONAL AIRPORT, CA US","2002-06","14.8","21","18","0","0",,,"0","0","0","13","0","51",,,"0.00","86","2750","126","0.00",,"61.4","69.3","53.5","0","260","260","40.0","48"
"USW00023234","SAN FRANCISCO INTERNATIONAL AIRPORT, CA US","2002-07","11.9","38","17","0","0",,,"0","0","0","20","1","52",,,"0.00","90","52","52","0.00",,"63.9","72.1","55.7",,"250","260","36.0","41"
"USW00023234","SAN FRANCISCO INTERNATIONAL AIRPORT, CA US","2002-08","11.6","81","43","0","0",,,"0","0","0","21","1","52",,,"0.00","94","116","64","0.00",,"64.3","72.4","56.3","0","260","260","36.9","45"
"USW00023234","SAN FRANCISCO INTERNATIONAL AIRPORT, CA US","2002-09","11.4","138","57","0","0",,,"0","0","0","19","3","51",,,"0.00","92","180","63","0.00",,"64.8","74.0","55.5","0","260","260","38.0","46"
"USW00023234","SAN FRANCISCO INTERNATIONAL AIRPORT, CA US","2002-10","8.9","168","29","0","0",,,"0","0","0","11","0","43",,,"0.00","88","326","146","0.00",,"61.2","69.7","52.7",,"260","340","28.0","32"
"USW00023234","SAN FRANCISCO INTERNATIONAL AIRPORT, CA US","2002-11","6.7","168","0","3","2",,,"0","0","0","2","0","45",,,"1.58","71","553","226","2.94",,"57.5","64.8","50.1",,"180","170","51.0","66"
"USW00023234","SAN FRANCISCO INTERNATIONAL AIRPORT, CA US","2002-12","8.9","168","0","19","12",,,"0","0","0","0","0","40",,,"2.47","64","939","386","10.75",,"52.5","57.9","47.2","0","170","150","48.1","61"
"USW00023234","SAN FRANCISCO INTERNATIONAL AIRPORT, CA US","2003-01","4.9","0","0","8","2",,,"0","0","0","0","0","42",,,"0.89","66","1285","346","1.43",,"53.8","58.8","48.8","0","40","40","25.1","28"
"USW00023234","SAN FRANCISCO INTERNATIONAL AIRPORT, CA US","2003-02","7.6","0","0","10","6",,,"0","0","0","0","0","36",,,"0.91","65","1646","360","2.45",,"52.1","59.0","45.3",,"270","280","33.1","41"
"USW00023234","SAN FRANCISCO INTERNATIONAL AIRPORT, CA US","2003-03","11.6","0","0","6","4",,,"0","0","0","3","0","43",,,"0.40","75","1930","284","1.17",,"55.8","62.5","49.2","0","280","280","38.9","47"
"USW00023234","SAN FRANCISCO INTERNATIONAL AIRPORT, CA US","2003-04","11.4","0","0","13","11",,,"0","0","0","0","0","42",,,"1.31","69","2251","321","4.42",,"54.3","60.3","48.3",,"160","160","36.0","44"
"USW00023234","SAN FRANCISCO INTERNATIONAL AIRPORT, CA US","2003-05","13.4","9","9","3","2",,,"0","0","0","6","0","47",,,"0.42","82","2449","198","0.63",,"58.9","66.3","51.4",,"260","270","36.0","43"
"USW00023234","SAN FRANCISCO INTERNATIONAL AIRPORT, CA US","2003-06","12.8","55","47","0","0",,,"0","0","0","14","3","50",,,"0.00","97","2563","114","0.00",,"62.7","71.0","54.5",,"250","250","40.9","51"
"USW00023234","SAN FRANCISCO INTERNATIONAL AIRPORT, CA US","2003-07","13.4","70","15","0","0",,,"0","0","0","21","0","52",,,"0.00","84","78","78","0.00",,"63.0","71.3","54.6",,"250","250","34.9","43"
"USW00023234","SAN FRANCISCO INTERNATIONAL AIRPORT, CA US","2003-08","12.1","132","62","0","0",,,"0","0","0","27","0","54",,,"0.00","88","97","19","0.00",,"66.4","73.9","58.9","0","260","260","33.1","43"
"USW00023234","SAN FRANCISCO INTERNATIONAL AIRPORT, CA US","2003-09","10.5","219","87","0","0",,,"0","0","0","21","4","54",,,"0.00","95","127","30","0.00",,"66.9","76.0","57.8","0","260","270","38.9","52"
"USW00023234","SAN FRANCISCO INTERNATIONAL AIRPORT, CA US","2003-10","9.4","255","36","0","0",,,"0","0","0","15","0","48",,,"0.00","89","222","94","0.00",,"63.1","72.4","53.9","0","260","260","45.0","52"
"USW00023234","SAN FRANCISCO INTERNATIONAL AIRPORT, CA US","2003-11","6.3","255","0","9","4",,,"0","0","0","0","0","39",,,"0.80","68","557","335","2.18",,"53.8","59.9","47.8","0","280","180","30.0","37"
"USW00023234","SAN FRANCISCO INTERNATIONAL AIRPORT, CA US","2003-12","7.2","255","0","16","10",,,"0","0","0","0","0","38",,,"2.60","64","961","404","6.41",,"52.0","57.1","46.8","0","170","160","42.9","53"
"USW00023234","SAN FRANCISCO INTERNATIONAL AIRPORT, CA US","2004-01","5.8","0","0","11","4",,,"0","0","0","0","0","35",,,"2.16","61","1418","457","3.03",,"50.3","55.1","45.4","0","180","180","45.0","56"
"USW00023234","SAN FRANCISCO INTERNATIONAL AIRPORT, CA US","2004-02","8.3","0","0","15","7",,,"0","0","0","0","0","39",,,"1.46","65","1789","371","4.57",,"52.2","58.0","46.4","0","190","190","48.1","62"
"USW00023234","SAN FRANCISCO INTERNATIONAL AIRPORT, CA US","2004-03","9.4","11","11","4","1",,,"0","0","0","14","0","45",,,"0.52","82","1975","186","0.67",,"59.4","68.5","50.3",,"270","270","34.9","44"
"USW00023234","SAN FRANCISCO INTERNATIONAL AIRPORT, CA US","2004-04","11.0","35","24","4","0",,,"0","0","0","10","1","44",,,"0.04","90","2169","194","0.10",,"59.3","68.0","50.7","0","260","260","33.1","40"
"USW00023234","SAN FRANCISCO INTERNATIONAL AIRPORT, CA US","2004-05","15.0","38","3","1","0",,,"0","0","0","8","0","49",,,"0.07","83","2317","148","0.07",,"60.3","67.6","53.1",,"260","250","38.0","47"
"USW00023234","SAN FRANCISCO INTERNATIONAL AIRPORT, CA US","2004-06","16.3","44","5","0","0",,,"0","0","0","13","0","51",,,"0.00","83","2423","106","0.00",,"61.6","68.8","54.4",,"270","270","46.1","58"
"USW00023234","SAN FRANCISCO INTERNATIONAL AIRPORT, CA US","2004-07","11.9","67","23","0","0",,,"0","0","0","26","0","54",,,"0.00","77","29","29","0.00",,"64.8","72.1","57.5",,"260","250","31.1","38"
"USW00023234","SAN FRANCISCO INTERNATIONAL AIRPORT, CA US","2004-08","11.6","123","56","0","0",,,"0","0","0","28","2","55",,,"0.00","90","38","9","0.00",,"66.5","74.0","59.0",,"260","270","34.9","43"
"USW00023234","SAN FRANCISCO INTERNATIONAL AIRPORT, CA US","2004-09","11.0","222","99","1","0",,,"0","0","0","24","4","53",,,"0.04","94","69","30","0.04",,"67.3","77.1","57.5","0","260","250","34.9","40"
"USW00023234","SAN FRANCISCO INTERNATIONAL AIRPORT, CA US","2004-10","8.3","248","26","6","3",,,"0","0","0","7","1","48",,,"1.65","90","225","157","3.19",,"60.8","68.2","53.3","0","190","210","40.0","49"
"USW00023234","SAN FRANCISCO INTERNATIONAL AIRPORT, CA US","2004-11","7.2","248","0","5","3",,,"0","0","0","1","0","37",,,"0.65","70","518","293","1.22",,"55.2","61.6","48.9",,"240","250","36.0","45"
"USW00023234","SAN FRANCISCO INTERNATIONAL AIRPORT, CA US","2004-12","6.3","248","0","10","9",,,"0","0","0","0","0","36",,,"2.24","64","916","397","6.42",,"52.2","58.1","46.2","0","170","170","45.0","59"
"USW00023234","SAN FRANCISCO INTERNATIONAL AIRPORT, CA US","2005-01","6.3","0","0","14","9",,,"0","0","0","0","0","38",,,"1.24","63","1392","476","4.27",,"49.6","54.9","44.3","0","260","220","40.0","56"
"USW00023234","SAN FRANCISCO INTERNATIONAL AIRPORT, CA US","2005-02","6.0","0","0","11","6",,,"0","0","0","0","0","44",,,"1.91","69","1673","281","5.11",,"55.0","60.3","49.6",,"150","230","25.9","33"
"USW00023234","SAN FRANCISCO INTERNATIONAL AIRPORT, CA US","2005-03","9.2","4","4","14","11",,,"0","0","0","7","0","42",,,"0.65","83","1918","245","3.74",,"57.2","64.7","49.7",,"270","170","34.9","45"
"USW00023234","SAN FRANCISCO INTERNATIONAL AIRPORT, CA US","2005-04","11.9","4","0","6","4",,,"0","0","0","4","0","45",,,"0.54","73","2164","246","1.70",,"56.8","64.4","49.2",,"200","200","40.9","51"
"USW00023234","SAN FRANCISCO INTERNATIONAL AIRPORT, CA US","2005-05","12.5","5","0","6","6",,,"0","0","0","7","0","51",,,"0.27","78","2275","111","1.15",,"61.4","68.0","54.9",,"270","270","36.9","45"
"USW00023234","SAN FRANCISCO INTERNATIONAL AIRPORT, CA US","2005-06","14.1","8","3","4","1",,,"0","0","0","15","0","50",,,"0.15","80","2371","96","0.30",,"61.9","69.4","54.4",,"280","280","47.0","58"
"USW00023234","SAN FRANCISCO INTERNATIONAL AIRPORT, CA US","2005-07","13.2","28","20","0","0",,,"0","0","0","26","0","54",,,"0.00","89","40","40","0.00",,"64.3","72.4","56.4",,"260","260","38.9","49"
"USW00023234","SAN FRANCISCO INTERNATIONAL AIRPORT, CA US","2005-08","11.9","43","15","0","0",,,"0","0","0","21","0","52",,,"0.00","89","104","65","0.00",,"63.4","71.5","55.3",,"270","280","31.1","39"
"USW00023234","SAN FRANCISCO INTERNATIONAL AIRPORT, CA US","2005-09","10.3","56","13","1","0",,,"0","0","0","14","0","50",,,"0.08","84","197","93","0.08",,"62.3","70.4","54.3",,"270","270","34.9","41"
"USW00023234","SAN FRANCISCO INTERNATIONAL AIRPORT, CA US","2005-10","9.6","61","6","3","0",,,"0","0","0","11","0","48",,,"0.04","83","318","121","0.08",,"61.3","69.7","52.8",,"270","260","36.9","46"
"USW00023234","SAN FRANCISCO INTERNATIONAL AIRPORT, CA US","2005-11","6.3","61","0","9","3",,,"0","0","0","7","0","38",,,"0.41","73","552","234","1.23",,"57.2","65.3","49.1",,"270","280","29.1","35"
"USW00023234","SAN FRANCISCO INTERNATIONAL AIRPORT, CA US","2005-12","7.8","61","0","14","11",,,"0","0","0","0","0","38",,,"1.86","64","923","371","9.34",,"53.0","58.5","47.6",,"190","180","45.0","64"
"USW00023234","SAN FRANCISCO INTERNATIONAL AIRPORT, CA US","2006-01","6.7","0","0","15","6",,,"0","0","0","0","0","39",,,"0.92","65","1340","417","2.46",,"51.6","57.7","45.4",,"110","340","32.0","39"
"USW00023234","SAN FRANCISCO INTERNATIONAL AIRPORT, CA US","2006-02","6.9","0","0","8","6",,,"0","0","0","2","0","37",,,"1.17","73","1679","339","2.30",,"52.9","61.0","44.8",,"180","180","59.9","71"
"USW00023234","SAN FRANCISCO INTERNATIONAL AIRPORT, CA US","2006-03","10.1","0","0","23","16",,,"0","0","0","0","0","37",,,"0.94","64","2112","433","6.14",,"51.0","57.1","45.0",,"280","280","40.9","46"
"USW00023234","SAN FRANCISCO INTERNATIONAL AIRPORT, CA US","2006-04","9.2","0","0","14","11",,,"0","0","0","2","0","43",,,"0.71","73","2395","283","4.01",,"55.5","61.1","49.9",,"160","160","31.1","46"
"USW00023234","SAN FRANCISCO INTERNATIONAL AIRPORT, CA US","2006-05","13.0","11","11","3","2",,,"0","0","0","8","0","48",,,"0.24","87","2567","172","0.37",,"59.8","67.8","51.8",,"270","260","40.0","48"
"USW00023234","SAN FRANCISCO INTERNATIONAL AIRPORT, CA US","2006-06","13.2","34","24","0","0",,,"0","0","0","17","1","52",,,"0.00","91","2643","76","0.00",,"63.3","71.3","55.2",,"260","270","36.0","41"
"USW00023234","SAN FRANCISCO INTERNATIONAL AIRPORT, CA US","2006-07","12.5","113","79","0","0",,,"0","0","0","20","1","52",,,"0.00","97","55","55","0.00",,"65.7","74.9","56.6",,"260","260","40.0","47"
"USW00023234","SAN FRANCISCO INTERNATIONAL AIRPORT, CA US","2006-08","10.7","129","15","0","0",,,"0","0","0","19","0","52",,,"0.00","88","120","64","0.00",,"63.4","71.1","55.7",,"280","280","30.0","33"
"USW00023234","SAN FRANCISCO INTERNATIONAL AIRPORT, CA US","2006-09","10.7","139","10","0","0",,,"0","0","0","16","0","49",,,"0.00","83","210","90","0.00",,"62.3","70.8","53.9",,"270","280","32.0","38"
"USW00023234","SAN FRANCISCO INTERNATIONAL AIRPORT, CA US","2006-10","7.2","144","5","2","2",,,"0","0","0","15","0","45",,,"0.23","81","356","146","0.33",,"60.5","69.0","51.9",,"280","260","34.9","41"
"USW00023234","SAN FRANCISCO INTERNATIONAL AIRPORT, CA US","2006-11","7.4","144","0","8","4",,,"0","0","0","3","0","40",,,"0.75","73","641","285","1.65",,"55.5","61.9","49.1",,"280","280","36.9","45"
"USW00023234","SAN FRANCISCO INTERNATIONAL AIRPORT, CA US","2006-12","6.3","144","0","11","6",,,"0","0","0","0","0","35",,,"1.16","66","1095","455","3.37",,"50.3","57.3","43.4",,"290","280","46.1","60"
"USW00023234","SAN FRANCISCO INTERNATIONAL AIRPORT, CA US","2007-01","6.3","0","0","7","3",,,"0","1","0","0","0","32",,,"0.20","64","1622","526","0.65",,"48.0","55.7","40.3",,"280","280","36.0","45"
"USW00023234","SAN FRANCISCO INTERNATIONAL AIRPORT, CA US","2007-02","8.7","0","0","13","10",,,"0","0","0","1","0","39",,,"1.05","73","1976","354","4.14",,"52.4","58.1","46.6",,"250","250","33.1","43"
"USW00023234","SAN FRANCISCO INTERNATIONAL AIRPORT, CA US","2007-03","9.6","1","1","2","2",,,"0","0","0","6","0","39",,,"0.14","78","2259","283","0.27",,"55.9","64.1","47.7",,"290","290","38.9","48"
"USW00023234","SAN FRANCISCO INTERNATIONAL AIRPORT, CA US","2007-04","14.3","1","0","7","6",,,"0","0","0","3","0","45",,,"0.25","77","2529","270","1.15",,"56.0","63.4","48.6",,"270","280","42.9","49"
"USW00023234","SAN FRANCISCO INTERNATIONAL AIRPORT, CA US","2007-05","13.6","22","20","2","0",,,"0","0","0","7","0","47",,,"0.07","89","2741","212","0.09",,"58.8","66.8","50.8",,"270","260","42.9","51"
"USW00023234","SAN FRANCISCO INTERNATIONAL AIRPORT, CA US","2007-06","14.1","33","11","0","0",,,"0","0","0","13","0","50",,,"0.00","85","2863","122","0.00",,"61.3","69.7","52.9",,"270","270","38.0","45"
"USW00023234","SAN FRANCISCO INTERNATIONAL AIRPORT, CA US","2007-07","13.2","49","16","1","0",,,"0","0","0","23","0","53",,,"0.01","80","43","43","0.01",,"64.1","71.4","56.9",,"270","290","33.1","39"
"USW00023234","SAN FRANCISCO INTERNATIONAL AIRPORT, CA US","2007-08","12.8","80","30","0","0",,,"0","0","0","22","0","53",,,"0.00","84","93","49","0.00",,"64.4","72.1","56.7",,"270","270","38.0","48"
"USW00023234","SAN FRANCISCO INTERNATIONAL AIRPORT, CA US","2007-09","10.5","111","31","2","1",,,"0","0","0","18","0","49",,,"0.13","88","147","54","0.15",,"64.2","72.0","56.4",,"270","260","38.0","46"
"USW00023234","SAN FRANCISCO INTERNATIONAL AIRPORT, CA US","2007-10","8.9","116","5","5","3",,,"0","0","0","12","0","46",,,"1.40","81","311","164","1.97",,"59.9","67.6","52.1",,"270","280","36.0","40"
"USW00023234","SAN FRANCISCO INTERNATIONAL AIRPORT, CA US","2007-11","5.8","116","0","3","2",,,"0","0","0","4","0","40",,,"0.45","76","590","278","0.58",,"55.7","63.6","47.8",,"90","280","28.0","35"
"USW00023234","SAN FRANCISCO INTERNATIONAL AIRPORT, CA US","2007-12","7.6","116","0","12","7",,,"0","0","0","0","0","35",,,"0.78","66","1071","481","2.66",,"49.5","55.5","43.4",,"250","180","30.0","39"
"USW00023234","SAN FRANCISCO INTERNATIONAL AIRPORT, CA US","2008-01","8.1","0","0","18","12",,,"0","0","0","0","0","38",,,"2.54","59","1586","515","7.82",,"48.4","53.5","43.3",,"170","170","53.9","68"
"USW00023234","SAN FRANCISCO INTERNATIONAL AIRPORT, CA US","2008-02","8.9","0","0","10","7",,,"0","0","0","0","0","38",,,"0.64","67","1972","386","2.04",,"51.7","58.7","44.7",,"190","190","40.9","54"
"USW00023234","SAN FRANCISCO INTERNATIONAL AIRPORT, CA US","2008-03","11.0","0","0","3","0",,,"0","0","0","1","0","41",,,"0.09","73","2323","351","0.23",,"53.7","61.5","45.9",,"270","270","34.9","44"
"USW00023234","SAN FRANCISCO INTERNATIONAL AIRPORT, CA US","2008-04","13.6","4","4","1","0",,,"0","0","0","7","0","42",,,"0.03","84","2616","293","0.03",,"55.4","64.1","46.7",,"280","280","48.1","58"
"USW00023234","SAN FRANCISCO INTERNATIONAL AIRPORT, CA US","2008-05","13.4","42","38","0","0",,,"0","0","0","5","2","44",,,"0.00","96","2849","233","0.00",,"58.7","66.6","50.8",,"270","280","45.0","53"
"USW00023234","SAN FRANCISCO INTERNATIONAL AIRPORT, CA US","2008-06","13.6","82","40","0","0",,,"0","0","0","14","3","47",,,"0.00","96","2994","144","0.00",,"61.5","71.3","51.7",,"270","280","45.0","54"
"USW00023234","SAN FRANCISCO INTERNATIONAL AIRPORT, CA US","2008-07","12.5","109","27","0","0",,,"0","0","0","13","0","52",,,"0.00","88","95","95","0.00",,"62.8","70.0","55.5",,"270","260","34.9","40"
"USW00023234","SAN FRANCISCO INTERNATIONAL AIRPORT, CA US","2008-08","12.5","145","36","1","0",,,"0","0","0","21","1","53",,,"0.01","90","151","56","0.01",,"64.4","72.6","56.2",,"270","270","34.9","41"
"USW00023234","SAN FRANCISCO INTERNATIONAL AIRPORT, CA US","2008-09","9.6","203","57","0","0",,,"0","0","0","17","2","51",,,"0.00","93","209","58","0.00",,"65.0","74.3","55.6",,"250","320","30.0","38"
"USW00023234","SAN FRANCISCO INTERNATIONAL AIRPORT, CA US","2008-10","9.2","229","26","4","2",,,"0","0","0","18","0","48",,,"0.15","84","293","84","0.32",,"63.1","72.5","53.8",,"270","160","31.1","38"
"USW00023234","SAN FRANCISCO INTERNATIONAL AIRPORT, CA US","2008-11","6.5","234","4","5","3",,,"0","0","0","6","0","45",,,"1.32","79","514","221","1.82",,"57.8","64.3","51.2",,"180","180","33.1","41"
"USW00023234","SAN FRANCISCO INTERNATIONAL AIRPORT, CA US","2008-12","6.7","234","0","10","7",,,"0","0","0","0","0","34",,,"0.87","62","1014","500","2.37",,"48.9","54.6","43.2",,"290","290","40.0","54"
"USW00023234","SAN FRANCISCO INTERNATIONAL AIRPORT, CA US","2009-01","4.9","0","0","5","3",,,"0","0","0","2","0","33",,,"0.34","72","1438","424","0.69",,"51.3","58.7","43.9",,"280","270","29.1","35"
"USW00023234","SAN FRANCISCO INTERNATIONAL AIRPORT, CA US","2009-02","7.8","0","0","16","11",,,"0","0","0","0","0","39",,,"2.42","67","1800","362","6.40",,"52.1","58.1","46.1",,"190","190","36.9","48"
"USW00023234","SAN FRANCISCO INTERNATIONAL AIRPORT, CA US","2009-03","12.1","0","0","9","6",,,"0","0","0","1","0","38",,,"0.71","73","2149","349","2.35",,"53.7","60.4","47.1",,"190","190","40.9","52"
"USW00023234","SAN FRANCISCO INTERNATIONAL AIRPORT, CA US","2009-04","13.9","23","23","3","1",,,"0","0","0","6","1","41",,,"0.23","91","2431","282","0.27",,"56.4","64.3","48.4",,"280","290","49.0","60"
"USW00023234","SAN FRANCISCO INTERNATIONAL AIRPORT, CA US","2009-05","12.5","38","15","4","1",,,"0","0","0","9","1","46",,,"0.20","93","2620","189","0.36",,"59.4","67.4","51.4",,"270","260","40.9","48"
"USW00023234","SAN FRANCISCO INTERNATIONAL AIRPORT, CA US","2009-06","12.1","51","13","2","0",,,"0","0","0","11","0","52",,,"0.03","87","2696","76","0.04",,"62.9","70.3","55.5",,"270","260","40.9","52"
"USW00023234","SAN FRANCISCO INTERNATIONAL AIRPORT, CA US","2009-07","13.4","64","13","0","0",,,"0","0","0","14","0","50",,,"0.00","88","99","99","0.00",,"62.2","70.0","54.4",,"270","270","33.1","39"
"USW00023234","SAN FRANCISCO INTERNATIONAL AIRPORT, CA US","2009-08","12.1","122","58","0","0",,,"0","0","0","20","2","53",,,"0.00","95","138","39","0.00",,"65.6","74.6","56.7",,"260","270","36.9","45"
"USW00023234","SAN FRANCISCO INTERNATIONAL AIRPORT, CA US","2009-09","12.1","191","69","1","1",,,"0","0","0","23","1","51",,,"0.27","93","172","34","0.27",,"66.2","75.5","56.9",,"280","270","40.0","52"
"USW00023234","SAN FRANCISCO INTERNATIONAL AIRPORT, CA US","2009-10","10.5","202","10","3","2",,,"0","0","0","14","0","47",,,"2.64","79","283","111","2.96",,"61.8","69.3","54.2",,"270","170","48.1","62"
"USW00023234","SAN FRANCISCO INTERNATIONAL AIRPORT, CA US","2009-11","6.7","204","2","3","1",,,"0","0","0","4","0","42",,,"0.18","80","538","255","0.20",,"56.6","64.6","48.6",,"190","200","36.0","45"
"USW00023234","SAN FRANCISCO INTERNATIONAL AIRPORT, CA US","2009-12","5.8","204","0","13","8",,,"0","0","0","0","0","33",,,"0.62","61","1029","490","3.07",,"49.2","54.5","43.9",,"290","300","34.9","45"
"USW00023234","SAN FRANCISCO INTERNATIONAL AIRPORT, CA US","2010-01","6.5","0","0","13","11",,,"0","0","0","0","0","42",,,"1.52","62","1455","426","5.97",,"51.2","55.6","46.8",,"190","190","44.1","60"
"USW00023234","SAN FRANCISCO INTERNATIONAL AIRPORT, CA US","2010-02","7.2","0","0","10","7",,,"0","0","0","0","0","44",,,"0.69","65","1763","308","2.70",,"54.0","59.1","48.8",,"170","180","34.9","44"
"USW00023234","SAN FRANCISCO INTERNATIONAL AIRPORT, CA US","2010-03","9.2","0","0","11","5",,,"0","0","0","5","0","40",,,"0.89","78","2072","308","2.78",,"55.1","62.5","47.7",,"270","240","34.9","44"
"USW00023234","SAN FRANCISCO INTERNATIONAL AIRPORT, CA US","2010-04","11.6","0","0","9","4",,,"0","0","0","2","0","44",,,"0.92","76","2356","285","2.75",,"55.5","62.8","48.3",,"290","280","36.9","46"
"USW00023234","SAN FRANCISCO INTERNATIONAL AIRPORT, CA US","2010-05","13.4","0","0","7","2",,,"0","0","0","3","0","45",,,"0.42","76","2587","231","0.69",,"57.6","64.7","50.4",,"280","270","44.1","56"
"USW00023234","SAN FRANCISCO INTERNATIONAL AIRPORT, CA US","2010-06","14.1","29","28","0","0",,,"0","0","0","14","0","50",,,"0.00","88","2694","107","0.00",,"62.4","69.9","54.9",,"270","250","38.0","45"
"USW00023234","SAN FRANCISCO INTERNATIONAL AIRPORT, CA US","2010-07","11.9","38","9","0","0",,,"0","0","0","15","0","53",,,"0.00","79","72","72","0.00",,"63.0","70.0","55.9",,"270","270","38.9","48"
"USW00023234","SAN FRANCISCO INTERNATIONAL AIRPORT, CA US","2010-08","11.9","75","37","0","0",,,"0","0","0","14","2","53",,,"0.00","99","156","84","0.00",,"63.5","71.3","55.8",,"270","270","38.0","44"
"USW00023234","SAN FRANCISCO INTERNATIONAL AIRPORT, CA US","2010-09","10.3","197","122","1","0",,,"0","0","0","22","5","56",,,"0.01","96","172","16","0.01",,"68.5","78.2","58.9",,"260","260","32.0","39"
"USW00023234","SAN FRANCISCO INTERNATIONAL AIRPORT, CA US","2010-10","8.7","262","65","6","2",,,"0","0","0","17","2","51",,,"0.37","94","234","63","0.84",,"65.1","72.4","57.8",,"280","270","31.1","39"
"USW00023234","SAN FRANCISCO INTERNATIONAL AIRPORT, CA US","2010-11","7.2","268","6","8","6",,,"0","0","0","7","0","37",,,"0.72","78","541","306","2.41",,"55.0","62.4","47.6",,"280","260","36.9","47"
"USW00023234","SAN FRANCISCO INTERNATIONAL AIRPORT, CA US","2010-12","6.9","268","0","15","10",,,"0","0","0","0","0","38",,,"1.37","62","940","400","6.00",,"52.1","56.8","47.4",,"290","290","36.9","46"
"USW00023234","SAN FRANCISCO INTERNATIONAL AIRPORT, CA US","2011-01","4.9","0","0","6","3",,,"0","0","0","0","0","36",,,"0.35","68","1390","450","0.94",,"50.5","56.7","44.3",,"280","280","25.9","32"
"USW00023234","SAN FRANCISCO INTERNATIONAL AIRPORT, CA US","2011-02","8.7","0","0","8","8",,,"0","0","0","2","0","35",,,"0.89","73","1793","403","4.79",,"50.6","58.2","43.0",,"200","170","38.9","49"
"USW00023234","SAN FRANCISCO INTERNATIONAL AIRPORT, CA US","2011-03","9.6","2","2","20","10",,,"0","0","0","2","0","40",,,"1.48","80","2146","353","5.70",,"53.7","59.9","47.5",,"190","170","45.0","62"
"USW00023234","SAN FRANCISCO INTERNATIONAL AIRPORT, CA US","2011-04","12.8","3","1","8","1",,,"0","0","0","2","0","41",,,"0.15","78","2432","286","0.33",,"55.5","62.2","48.8",,"260","270","42.9","51"
"USW00023234","SAN FRANCISCO INTERNATIONAL AIRPORT, CA US","2011-05","14.5","6","3","6","2",,,"0","0","0","3","0","46",,,"0.11","84","2688","255","0.47",,"56.9","63.9","49.8",,"270","270","49.0","54"
"USW00023234","SAN FRANCISCO INTERNATIONAL AIRPORT, CA US","2011-06","11.4","21","15","4","4",,,"0","0","0","7","1","50",,,"0.66","90","2837","149","1.49",,"60.5","68.1","52.9",,"260","260","38.9","46"
"USW00023234","SAN FRANCISCO INTERNATIONAL AIRPORT, CA US","2011-07","11.6","32","11","0","0",,,"0","0","0","19","0","52",,,"0.00","84","81","81","0.00",,"62.7","70.6","54.8",,"260","260","30.0","39"
"USW00023234","SAN FRANCISCO INTERNATIONAL AIRPORT, CA US","2011-08","10.7","37","5","0","0",,,"0","0","0","11","0","52",,,"0.00","85","174","93","0.00",,"62.2","69.4","54.9",,"290","290","29.1","32"
"USW00023234","SAN FRANCISCO INTERNATIONAL AIRPORT, CA US","2011-09","10.3","80","43","1","0",,,"0","0","0","20","1","52",,,"0.01","90","227","53","0.01",,"64.7","73.7","55.6",,"260","270","34.9","40"
"USW00023234","SAN FRANCISCO INTERNATIONAL AIRPORT, CA US","2011-10","7.2","108","29","5","3",,,"0","0","0","19","0","47",,,"0.68","83","317","90","1.18",,"63.0","71.3","54.8",,"290","200","31.1","40"
"USW00023234","SAN FRANCISCO INTERNATIONAL AIRPORT, CA US","2011-11","7.4","108","0","10","6",,,"0","0","0","2","0","43",,,"0.46","72","653","336","1.56",,"53.8","60.0","47.6",,"20","10","32.0","38"
"USW00023234","SAN FRANCISCO INTERNATIONAL AIRPORT, CA US","2011-12","4.9","108","0","3","0",,,"0","0","0","1","0","36",,,"0.06","71","1141","488","0.13",,"49.3","56.7","41.8",,"350","340","30.0","36"
"USW00023234","SAN FRANCISCO INTERNATIONAL AIRPORT, CA US","2012-01","6.3","0","0","5","3",,,"0","0","0","0","0","34",,,"1.22","65","1589","448","2.16",,"50.5","58.1","43.0",,"190","190","40.0","56"
"USW00023234","SAN FRANCISCO INTERNATIONAL AIRPORT, CA US","2012-02","8.9","0","0","9","2",,,"0","0","0","2","0","39",,,"0.23","70","1959","370","0.66",,"52.2","59.5","44.9",,"280","270","36.9","44"
"USW00023234","SAN FRANCISCO INTERNATIONAL AIRPORT, CA US","2012-03","10.7","0","0","10","8",,,"0","0","0","1","0","40",,,"1.08","73","2324","364","4.76",,"53.2","60.0","46.5",,"280","280","36.9","48"
"USW00023234","SAN FRANCISCO INTERNATIONAL AIRPORT, CA US","2012-04","12.3","4","4","8","4",,,"0","0","0","5","0","41",,,"1.12","80","2571","247","2.80",,"56.9","64.1","49.8",,"280","290","36.9","43"
"USW00023234","SAN FRANCISCO INTERNATIONAL AIRPORT, CA US","2012-05","14.5","6","2","0","0","0","0","0","0","0","7","0","47","0","0.0","0.00","83","2777","206","0.00","0.0","58.4","66.6","50.2",,"280","280","45.0","58"
"USW00023234","SAN FRANCISCO INTERNATIONAL AIRPORT, CA US","2012-06","14.1","21","15","1","0",,,"0","0","0","12","0","50",,,"0.09","87","2899","122","0.09",,"61.4","69.9","53.0",,"270","270","42.9","51"
"USW00023234","SAN FRANCISCO INTERNATIONAL AIRPORT, CA US","2012-07","11.9","26","5","0","0",,,"0","0","0","16","0","51",,,"0.00","82","84","84","0.00",,"62.4","70.1","54.8",,"290","270","30.0","36"
"USW00023234","SAN FRANCISCO INTERNATIONAL AIRPORT, CA US","2012-08","12.8","31","5","0","0",,,"0","0","0","12","0","52",,,"0.00","80","193","109","0.00",,"61.6","68.8","54.5",,"280","280","30.0","37"
"USW00023234","SAN FRANCISCO INTERNATIONAL AIRPORT, CA US","2012-09","11.6","33","2","0","0",,,"0","0","0","9","0","50",,,"0.00","82","327","133","0.00",,"60.6","68.3","53.0",,"270","270","30.0","37"
"USW00023234","SAN FRANCISCO INTERNATIONAL AIRPORT, CA US","2012-10","8.3","74","41","7","2",,,"0","0","0","18","2","50",,,"0.38","93","419","92","0.71",,"63.3","71.4","55.3",,"260","270","33.1","39"
"USW00023234","SAN FRANCISCO INTERNATIONAL AIRPORT, CA US","2012-11","6.7","79","5","10","7",,,"0","0","0","4","0","43",,,"1.96","79","631","212","4.06",,"58.1","65.3","51.0",,"170","180","40.0","54"
"USW00023234","SAN FRANCISCO INTERNATIONAL AIRPORT, CA US","2012-12","7.8","79","0","14","13",,,"0","0","0","0","0","36",,,"1.35","66","1038","407","6.24",,"51.9","57.4","46.3",,"180","180","44.1","53"
"USW00023234","SAN FRANCISCO INTERNATIONAL AIRPORT, CA US","2013-01","5.4","0","0","3","1",,,"0","0","0","0","0","34",,,"0.10","63","1545","507","0.20",,"48.6","55.6","41.7",,"270","270","33.1","38"
"USW00023234","SAN FRANCISCO INTERNATIONAL AIRPORT, CA US","2013-02","8.5","0","0","3","3",,,"0","0","0","0","0","38",,,"0.42","68","1941","396","0.67",,"50.9","58.5","43.2",,"260","260","30.0","36"
"USW00023234","SAN FRANCISCO INTERNATIONAL AIRPORT, CA US","2013-03","9.8","0","0","7","2",,,"0","0","0","3","0","43",,,"0.14","75","2263","321","0.49",,"54.6","62.5","46.8",,"270","280","38.9","45"
"USW00023234","SAN FRANCISCO INTERNATIONAL AIRPORT, CA US","2013-04","13.0","4","4","4","2",,,"0","0","0","10","0","45",,,"0.31","83","2462","200","0.48",,"58.5","67.4","49.5",,"280","280","47.0","60"
"USW00023234","SAN FRANCISCO INTERNATIONAL AIRPORT, CA US","2013-05","14.5","24","21","1","0",,,"0","0","0","10","0","48",,,"0.01","89","2625","163","0.01",,"60.4","68.4","52.5",,"270","290","48.1","56"
"USW00023234","SAN FRANCISCO INTERNATIONAL AIRPORT, CA US","2013-06","13.9","51","26","2","0",,,"0","0","0","15","0","50",,,"0.03","84","2720","95","0.05",,"62.7","70.8","54.6",,"270","270","40.0","48"
"USW00023234","SAN FRANCISCO INTERNATIONAL AIRPORT, CA US","2013-07","11.9","68","17","0","0",,,"0","0","0","16","0","52",,,"0.00","82","84","84","0.00",,"62.8","70.7","54.9",,"250","240","38.9","47"
"USW00023234","SAN FRANCISCO INTERNATIONAL AIRPORT, CA US","2013-08","11.9","92","24","0","0",,"0","0","0","0","24","0","53",,"0.0","0.00","78","126","42","0.00","0.0","64.4","71.6","57.3",,"260","260","31.1","37"
"USW00023234","SAN FRANCISCO INTERNATIONAL AIRPORT, CA US","2013-09","12.3","128","36","1","1",,"0","0","0","0","25","0","53",,"0.0","0.23","88","147","22","0.23","0.0","65.5","73.8","57.2",,"270","280","38.9","51"
"USW00023234","SAN FRANCISCO INTERNATIONAL AIRPORT, CA US","2013-10","8.9","148","20","0","0",,,"0","0","0","15","0","47",,,"0.00","83","298","150","0.00",,"60.8","69.8","51.8",,"260","270","42.9","51"
"USW00023234","SAN FRANCISCO INTERNATIONAL AIRPORT, CA US","2013-11","6.5","148","0","2","2",,,"0","0","0","6","0","44",,,"0.63","74","530","233","0.91",,"57.2","64.7","49.7",,"270","270","35.1","40"
"USW00023234","SAN FRANCISCO INTERNATIONAL AIRPORT, CA US","2013-12","5.1","148","0","2","1",,,"0","0","0","0","0","34",,,"0.29","68","1003","473","0.35",,"49.7","58.2","41.3",,"280","280","36.0","43"
"USW00023234","SAN FRANCISCO INTERNATIONAL AIRPORT, CA US","2014-01","4.7","0","0","1","0",,,"0","0","0","3","0","41",,,"0.01","73","1310","307","0.01",,"55.1","64.1","46.1",,"280","280","32.0","38"
"USW00023234","SAN FRANCISCO INTERNATIONAL AIRPORT, CA US","2014-02","8.9","0","0","11","7",,,"0","0","0","1","0","42",,,"0.85","71","1593","283","3.77",,"54.9","60.9","48.9",,"180","170","31.1","40"
"USW00023234","SAN FRANCISCO INTERNATIONAL AIRPORT, CA US","2014-03","8.7","0","0","9","5",,,"0","0","0","8","0","47",,,"0.57","76","1778","185","1.93",,"59.0","66.3","51.7",,"30","270","36.0","43"
"USW00023234","SAN FRANCISCO INTERNATIONAL AIRPORT, CA US","2014-04","11.0","20","20","5","4",,,"0","0","0","9","1","47",,,"0.62","90","1945","167","1.61",,"60.1","68.3","51.9",,"270","270","36.0","41"
"USW00023234","SAN FRANCISCO INTERNATIONAL AIRPORT, CA US","2014-05","14.5","61","41","0","0",,,"0","0","0","15","2","51",,,"0.00","92","2033","88","0.00",,"63.5","72.0","54.9",,"270","270","38.9","47"
"USW00023234","SAN FRANCISCO INTERNATIONAL AIRPORT, CA US","2014-06","12.5","93","32","0","0",,,"0","0","0","21","0","52",,,"0.00","87","2087","54","0.00",,"64.3","73.0","55.5",,"260","250","38.0","66"
"USW00023234","SAN FRANCISCO INTERNATIONAL AIRPORT, CA US","2014-07","11.9","172","79","0","0",,,"0","0","0","27","1","53",,,"0.00","90","20","20","0.00",,"66.9","74.9","58.9",,"290","280","29.1","33"
"USW00023234","SAN FRANCISCO INTERNATIONAL AIRPORT, CA US","2014-08","11.0","237","65","0","0",,,"0","0","0","30","0","57",,,"0.00","80","22","2","0.00",,"67.0","74.0","60.0",,"280","280","30.0","43"
"USW00023234","SAN FRANCISCO INTERNATIONAL AIRPORT, CA US","2014-09","10.3","342","105","2","1",,,"0","0","0","29","0","56",,,"0.41","83","25","3","0.42",,"68.4","75.8","61.0",,"290","270","29.1","33"
"USW00023234","SAN FRANCISCO INTERNATIONAL AIRPORT, CA US","2014-10","7.8","468","126","3","2",,,"0","0","0","28","4","55",,,"0.18","95","38","13","0.31",,"68.6","77.3","60.0",,"180","200","30.0","38"
"USW00023234","SAN FRANCISCO INTERNATIONAL AIRPORT, CA US","2014-11","5.8","468","0","7","6",,,"0","0","0","5","0","46",,,"1.04","76","199","161","1.99",,"59.6","66.6","52.6",,"270","240","25.9","33"
"USW00023234","SAN FRANCISCO INTERNATIONAL AIRPORT, CA US","2014-12","7.4","468","0","16","11",,,"0","0","0","0","0","41",,,"3.43","68","454","255","10.66",,"56.8","61.9","51.7",,"10","20","42.9","51"
"USW00023234","SAN FRANCISCO INTERNATIONAL AIRPORT, CA US","2015-01","3.4","0","0","0","0",,,"0","0","0","1","0","38",,,"0.00","74","797","343","0.00",,"53.9","61.0","46.8",,"180","180","21.9","28"
"USW00023234","SAN FRANCISCO INTERNATIONAL AIRPORT, CA US","2015-02","7.6","0","0","3","2",,,"0","0","0","3","0","44",,,"1.21","75","975","178","2.01",,"58.6","65.8","51.4",,"190","210","40.9","55"
"USW00023234","SAN FRANCISCO INTERNATIONAL AIRPORT, CA US","2015-03","9.4","6","6","2","0",,,"0","0","0","13","0","46",,,"0.04","83","1126","150","0.06",,"60.3","68.9","51.7",,"280","280","36.0","41"
"USW00023234","SAN FRANCISCO INTERNATIONAL AIRPORT, CA US","2015-04","12.5","12","7","5","4",,,"0","0","0","5","0","46",,,"0.70","88","1323","197","1.28",,"58.7","66.8","50.5",,"270","270","36.9","45"
"USW00023234","SAN FRANCISCO INTERNATIONAL AIRPORT, CA US","2015-05","12.5","12","0","2","0",,,"0","0","0","1","0","50",,,"0.01","75","1524","201","0.02",,"58.5","64.1","53.0",,"280","270","36.0","43"
"USW00023234","SAN FRANCISCO INTERNATIONAL AIRPORT, CA US","2015-06","11.9","26","14","1","1",,,"0","0","0","17","0","51",,,"0.26","84","1604","80","0.26",,"62.8","70.8","54.8",,"280","270","29.1","36"
"USW00023234","SAN FRANCISCO INTERNATIONAL AIRPORT, CA US","2015-07","11.9","84","58","0","0",,,"0","0","0","25","0","56",,,"0.00","88","7","7","0.00",,"66.6","74.0","59.3",,"270","260","33.1","39"
"USW00023234","SAN FRANCISCO INTERNATIONAL AIRPORT, CA US","2015-08","11.2","178","94","0","0",,,"0","0","0","30","3","57",,,"0.00","93","8","1","0.00",,"68.0","75.6","60.4",,"270","270","35.1","44"
"USW00023234","SAN FRANCISCO INTERNATIONAL AIRPORT, CA US","2015-09","10.1","265","86","1","0",,,"0","0","0","23","4","53",,,"0.02","93","33","25","0.02",,"67.1","76.4","57.7",,"280","290","33.1","43"
"USW00023234","SAN FRANCISCO INTERNATIONAL AIRPORT, CA US","2015-10","9.2","303","38","0","0",,,"0","0","0","26","0","53",,,"0.00","87","53","20","0.00",,"65.6","73.7","57.4",,"270","270","42.9","48"
"USW00023234","SAN FRANCISCO INTERNATIONAL AIRPORT, CA US","2015-11","6.9","303","0","7","4",,,"0","0","0","1","0","37",,,"0.41","71","374","321","1.43",,"54.3","61.7","46.9",,"280","270","40.9","53"
"USW00023234","SAN FRANCISCO INTERNATIONAL AIRPORT, CA US","2015-12","7.8","303","0","14","10",,,"0","0","0","0","0","34",,,"0.92","65","823","450","3.37",,"50.5","55.8","45.2",,"260","290","40.9","53"
"USW00023234","SAN FRANCISCO INTERNATIONAL AIRPORT, CA US","2016-01","7.4","0","0","16","10",,,"0","0","0","0","0","37",,,"1.04","62","1205","381","5.58",,"52.7","57.0","48.4",,"300","290","38.0","46"
"USW00023234","SAN FRANCISCO INTERNATIONAL AIRPORT, CA US","2016-02","6.7","0","0","4","3",,,"0","0","0","6","0","42",,,"0.45","75","1439","234","0.85",,"56.9","65.2","48.7",,"270","200","38.0","49"
"USW00023234","SAN FRANCISCO INTERNATIONAL AIRPORT, CA US","2016-03","11.2","0","0","11","9",,,"0","0","0","3","0","47",,,"1.45","76","1664","225","5.14",,"57.7","63.9","51.6",,"170","190","42.9","53"
"USW00023234","SAN FRANCISCO INTERNATIONAL AIRPORT, CA US","2016-04","12.5","18","18","6","3",,,"0","0","0","10","0","47",,,"0.31","86","1824","160","0.82",,"60.3","68.0","52.6",,"280","280","48.1","58"
"USW00023234","SAN FRANCISCO INTERNATIONAL AIRPORT, CA US","2016-05","12.3","29","10","3","0",,,"0","0","0","11","0","51",,,"0.03","87","1956","132","0.06",,"61.1","68.4","53.7",,"270","270","52.1","60"
"USW00023234","SAN FRANCISCO INTERNATIONAL AIRPORT, CA US","2016-06","14.5","46","17","0","0",,,"0","0","0","21","0","51",,,"0.00","87","2023","67","0.00",,"63.4","72.0","54.7",,"270","270","40.9","50"
"USW00023234","SAN FRANCISCO INTERNATIONAL AIRPORT, CA US","2016-07","13.4","50","4","0","0",,,"0","0","0","18","0","53",,,"0.00","81","69","69","0.00",,"62.9","71.0","54.8",,"270","270","32.0","37"
"USW00023234","SAN FRANCISCO INTERNATIONAL AIRPORT, CA US","2016-08","12.3","57","7","0","0",,,"0","0","0","21","0","53",,,"0.00","76","113","45","0.00",,"63.8","70.9","56.7",,"260","270","36.9","44"
"USW00023234","SAN FRANCISCO INTERNATIONAL AIRPORT, CA US","2016-09","11.4","115","59","0","0",,,"0","0","0","17","2","52",,,"0.00","94","178","65","0.00",,"64.8","73.6","56.0",,"270","270","40.9","49"
"USW00023234","SAN FRANCISCO INTERNATIONAL AIRPORT, CA US","2016-10","9.4","130","14","10","6",,,"0","0","0","15","0","51",,,"0.67","84","243","65","2.78",,"63.4","70.5","56.2",,"190","190","33.1","46"
"USW00023234","SAN FRANCISCO INTERNATIONAL AIRPORT, CA US","2016-11","6.9","131","1","8","4",,,"0","0","0","6","0","44",,,"0.59","75","446","202","1.54",,"58.3","64.5","52.1",,"280","280","33.1","44"
"USW00023234","SAN FRANCISCO INTERNATIONAL AIRPORT, CA US","2016-12","7.6","131","0","8","5",,,"0","0","0","0","0","36",,,"1.49","63","890","445","4.63",,"50.7","56.8","44.5",,"170","180","36.9","47"
"USW00023234","SAN FRANCISCO INTERNATIONAL AIRPORT, CA US","2017-01","8.9","0","0","16","13",,,"0","0","0","0","0","38",,,"1.82","64","1337","447","9.33",,"50.6","56.4","44.7",,"180","180","47.0","61"
"USW00023234","SAN FRANCISCO INTERNATIONAL AIRPORT, CA US","2017-02","10.3","0","0","19","14",,,"0","0","0","0","0","40",,,"2.16","66","1631","294","7.43",,"54.5","59.8","49.2",,"180","220","40.9","55"
"USW00023234","SAN FRANCISCO INTERNATIONAL AIRPORT, CA US","2017-03","10.3","0","0","9","7",,,"0","0","0","4","0","42",,,"0.75","77","1881","250","2.96",,"56.9","64.1","49.8",,"280","270","35.1","43"
"USW00023234","SAN FRANCISCO INTERNATIONAL AIRPORT, CA US","2017-04","11.9","1","1","9","6",,,"0","0","0","6","0","45",,,"1.01","78","2079","198","2.20",,"58.4","66.2","50.7",,"190","190","38.9","48"
"USW00023234","SAN FRANCISCO INTERNATIONAL AIRPORT, CA US","2017-05","14.8","22","21","0","0",,,"0","0","0","12","0","49",,,"0.00","87","2226","147","0.00",,"60.9","69.8","52.0",,"270","270","42.9","50"
"USW00023234","SAN FRANCISCO INTERNATIONAL AIRPORT, CA US","2017-06","14.8","47","25","1","0",,,"0","0","0","14","1","51",,,"0.05","97","2307","81","0.05",,"63.2","70.8","55.5",,"270","260","38.0","48"
"USW00023234","SAN FRANCISCO INTERNATIONAL AIRPORT, CA US","2017-07","13.2","74","27","0","0",,,"0","0","0","23","0","53",,,"0.00","85","50","50","0.00",,"64.3","72.8","55.7",,"210","280","33.1","42"
"USW00023234","SAN FRANCISCO INTERNATIONAL AIRPORT, CA US","2017-08","12.5","117","43","0","0",,,"0","0","0","26","0","53",,,"0.00","88","67","16","0.00",,"65.9","73.0","58.7",,"280","280","30.0","35"
"USW00023234","SAN FRANCISCO INTERNATIONAL AIRPORT, CA US","2017-09","10.3","270","152","1","1",,,"0","0","0","28","3","54",,,"0.22","104","76","10","0.22",,"69.8","79.0","60.5",,"270","270","36.0","43"
"USW00023234","SAN FRANCISCO INTERNATIONAL AIRPORT, CA US","2017-10","8.1","320","50","2","1",,,"0","0","0","21","1","48",,,"0.19","91","152","75","0.21",,"64.2","74.6","53.8",,"270","260","31.1","38"
"USW00023234","SAN FRANCISCO INTERNATIONAL AIRPORT, CA US","2017-11","6.3","320","0","10","6",,,"0","0","0","0","0","43",,,"1.60","69","360","208","2.77",,"58.0","64.4","51.7",,"270","280","32.0","41"
"USW00023234","SAN FRANCISCO INTERNATIONAL AIRPORT, CA US","2017-12","5.1","320","0","3","0",,,"0","0","0","0","0","38",,,"0.04","66","767","406","0.07",,"51.9","59.4","44.3",,"340","340","31.1","40"
"USW00023234","SAN FRANCISCO INTERNATIONAL AIRPORT, CA US","2018-01","5.6","0","0","9","8",,,"0","0","0","0","0","42",,,"3.12","66","1124","357","4.85",,"53.5","58.8","48.1",,"290","210","36.9","51"
"USW00023234","SAN FRANCISCO INTERNATIONAL AIRPORT, CA US","2018-02","8.9","0","0","4","2",,,"0","0","0","9","0","36",,,"0.19","76","1408","284","0.39",,"54.9","63.7","46.1",,"270","270","36.9","41"
"USW00023234","SAN FRANCISCO INTERNATIONAL AIRPORT, CA US","2018-03","8.5","3","3","15","10",,,"0","0","0","6","0","40",,,"1.04","81","1715","307","3.33",,"55.2","62.7","47.7",,"270","260","33.1","45"
"USW00023234","SAN FRANCISCO INTERNATIONAL AIRPORT, CA US","2018-04","11.6","3","0","6","5",,,"0","0","0","5","0","45",,,"1.11","76","1916","201","2.24",,"58.3","65.7","50.9",,"270","270","33.1","40"
"USW00023234","SAN FRANCISCO INTERNATIONAL AIRPORT, CA US","2018-05","13.6","10","6","1","0",,,"0","0","0","7","0","50",,,"0.01","84","2061","145","0.01",,"60.5","67.2","53.9",,"270","260","36.9","45"
"USW00023234","SAN FRANCISCO INTERNATIONAL AIRPORT, CA US","2018-06","14.3",,,"0","0",,,,,,,,,,,"0.00",,,,"0.00",,,,,,"280","280","40.9","51"
"USW00023234","SAN FRANCISCO INTERNATIONAL AIRPORT, CA US","2018-07","13.6",,,"0","0",,,,,,,,,,,"0.00",,,,"0.00",,,,,,"260","270","36.0","42"
"USW00023234","SAN FRANCISCO INTERNATIONAL AIRPORT, CA US","2018-08","12.1",,"4","0","0",,,"0","0","0","22","0","50",,,"0.00","79",,"71","0.00",,"62.8","70.5","55.2",,"270","280","31.1","37"
"USW00023234","SAN FRANCISCO INTERNATIONAL AIRPORT, CA US","2018-09","11.9",,"7","0","0",,,"0","0","0","17","0","49",,,"0.00","85",,"93","0.00",,"62.1","70.3","53.9",,"260","270","36.0","41"
"USW00023234","SAN FRANCISCO INTERNATIONAL AIRPORT, CA US","2018-10","9.6",,"16","1","1",,,"0","0","0","22","0","49",,,"0.16","81",,"87","0.16",,"62.7","72.0","53.4",,"270","270","32.0","38"
"USW00023234","SAN FRANCISCO INTERNATIONAL AIRPORT, CA US","2018-11","6.7",,"4","6","5",,,"0","0","0","6","0","42",,,"1.00","82",,"249","3.07",,"56.9","65.2","48.6",,"210","200","36.0","51"
"USW00023234","SAN FRANCISCO INTERNATIONAL AIRPORT, CA US","2018-12","7.2",,"0","11","3",,,"0","0","0","0","0","41",,,"0.58","62",,"387","1.65",,"52.5","58.4","46.6",,"280","280","38.0","48"
"USW00023234","SAN FRANCISCO INTERNATIONAL AIRPORT, CA US","2019-01","6.9","0","0","13","8",,,"0","0","0","0","0","38",,,"1.64","68",,"310","4.59",,"55.0","60.9","49.1",,"170","160","45.0","61"
"USW00023234","SAN FRANCISCO INTERNATIONAL AIRPORT, CA US","2019-02","11.6","0","0","17","16",,,"0","0","0","0","0","38",,,"1.55","65",,"421","7.19",,"50.0","55.9","44.1",,"180","180","47.0","62"
"USW00023234","SAN FRANCISCO INTERNATIONAL AIRPORT, CA US","2019-03","8.9","0","0","16","9",,,"0","0","0","3","0","41",,,"1.07","72",,"324","4.47",,"54.5","61.9","47.2",,"290","280","40.9","50"
"USW00023234","SAN FRANCISCO INTERNATIONAL AIRPORT, CA US","2019-04","11.6","8","8","5","0",,,"0","0","0","8","0","47",,,"0.07","88",,"190","0.20",,"58.9","66.9","50.9",,"270","280","40.0","50"
"USW00023234","SAN FRANCISCO INTERNATIONAL AIRPORT, CA US","2019-05","12.3","8","0","6","5",,,"0","0","0","4","0","48",,,"0.84","71",,"200","2.00",,"58.5","65.3","51.8",,"260","260","33.1","39"
"USW00023234","SAN FRANCISCO INTERNATIONAL AIRPORT, CA US","2019-06","11.6","69","61","0","0",,,"0","0","0","23","3","50",,,"0.00","100",,"56","0.00",,"65.2","74.8","55.6",,"260","260","36.9","45"
"USW00023234","SAN FRANCISCO INTERNATIONAL AIRPORT, CA US","2019-07","13.0","96","26","0","0",,,"0","0","0","27","0","55",,,"0.00","83","33","33","0.00",,"64.8","72.8","56.8",,"260","260","38.9","50"
"USW00023234","SAN FRANCISCO INTERNATIONAL AIRPORT, CA US","2019-08","12.3","202","106","0","0",,,"0","0","0","31","2","55",,,"0.00","94","35","1","0.00",,"68.4","77.3","59.4",,"270","270","36.9","45"
"USW00023234","SAN FRANCISCO INTERNATIONAL AIRPORT, CA US","2019-09","12.8","311","108","2","0",,,"0","0","0","27","4","52",,,"0.04","96","51","16","0.06",,"68.1","77.1","59.1",,"280","270","40.9","51"
"USW00023234","SAN FRANCISCO INTERNATIONAL AIRPORT, CA US","2019-10","8.7","359","49","0","0",,,"0","0","0","23","0","47",,,"0.00","89","129","78","0.00",,"64.1","75.0","53.1",,"10","280","35.1","42"
"USW00023234","SAN FRANCISCO INTERNATIONAL AIRPORT, CA US","2019-11","8.1","359","0","4","3",,,"0","0","0","7","0","38",,,"0.91","74","388","259","1.29",,"56.4","64.7","48.0",,"280","190","36.9","46"
"USW00023234","SAN FRANCISCO INTERNATIONAL AIRPORT, CA US","2019-12","7.4","359","0","15","9",,,"0","0","0","0","0","39",,,"0.64","66","746","358","3.71",,"53.5","58.8","48.1",,"200","200","38.0","53"
"USW00023234","SAN FRANCISCO INTERNATIONAL AIRPORT, CA US","2020-01","7.2","0","0","10","3",,,"0","0","0","0","0","38",,,"0.72","66","1145","399","1.19",,"52.1","58.3","46.0",,"270","260","32.0","40"
"USW00023234","SAN FRANCISCO INTERNATIONAL AIRPORT, CA US","2020-02","9.4","0","0","0","0",,,"0","0","0","7","0","38",,,"0.00","76","1425","280","0.00",,"55.3","64.5","46.1",,"270","270","40.0","48"
"USW00023234","SAN FRANCISCO INTERNATIONAL AIRPORT, CA US","2020-03","8.5","0","0","10","5",,,"0","0","0","6","0","41",,,"0.46","75","1739","314","1.32",,"54.9","62.0","47.7",,"200","180","31.1","38"
"USW00023234","SAN FRANCISCO INTERNATIONAL AIRPORT, CA US","2020-04","12.3","0","0","3","3",,,"0","0","0","8","0","43",,,"0.66","78","1954","215","1.36",,"57.8","65.4","50.2",,"270","270","38.9","47"
"USW00023234","SAN FRANCISCO INTERNATIONAL AIRPORT, CA US","2020-05","12.5","21","21","4","1",,,"0","0","0","16","1","47",,,"0.16","90","2054","99","0.25",,"62.5","71.8","53.1",,"270","190","36.9","42"
"USW00023234","SAN FRANCISCO INTERNATIONAL AIRPORT, CA US","2020-06","13.2","56","35","0","0",,,"0","0","0","22","0","52",,,"0.00","89","2100","46","0.00",,"64.6","74.0","55.2",,"240","250","40.0","46"
"USW00023234","SAN FRANCISCO INTERNATIONAL AIRPORT, CA US","2020-07","12.5","64","8","0","0",,,"0","0","0","24","0","52",,,"0.00","79","46","46","0.00",,"63.8","72.3","55.2",,"270","270","40.9","47"
"USW00023234","SAN FRANCISCO INTERNATIONAL AIRPORT, CA US","2020-08","12.3","154","90","2","0",,,"0","0","0","26","2","55",,,"0.04","99","74","27","0.05",,"67.0","76.1","57.9",,"280","260","38.0","47"
"USW00023234","SAN FRANCISCO INTERNATIONAL AIRPORT, CA US","2020-09","10.7","280","126","0","0",,,"0","0","0","25","6","55",,,"0.00","102","90","17","0.00",,"68.6","78.4","58.8",,"280","280","35.1","38"
"USW00023234","SAN FRANCISCO INTERNATIONAL AIRPORT, CA US","2020-10","8.1","376","96","0","0",,,"0","0","0","27","3","47",,,"0.00","94","134","44","0.00",,"66.7","77.8","55.6",,"40","30","31.1","37"
"USW00023234","SAN FRANCISCO INTERNATIONAL AIRPORT, CA US","2020-11","7.8","378","2","4","2",,,"0","0","0","4","0","41",,,"0.14","80","421","286","0.31",,"55.5","64.5","46.6",,"300","290","38.0","45"
"USW00023234","SAN FRANCISCO INTERNATIONAL AIRPORT, CA US","2020-12","6.3","378","0","8","4",,,"0","0","0","2","0","40",,,"0.44","73","785","364","1.39",,"53.3","61.1","45.4",,"160","150","30.0","40"
"USW00023234","SAN FRANCISCO INTERNATIONAL AIRPORT, CA US","2021-01","6.9","0","0","9","7",,,"0","0","0","2","0","39",,,"0.77","74","1149","364","2.92",,"53.3","60.0","46.6",,"30","30","45.0","54"
"USW00023234","SAN FRANCISCO INTERNATIONAL AIRPORT, CA US","2021-02","9.2","0","0","8","4",,,"0","0","0","3","0","43",,,"0.43","76","1421","273","1.26",,"55.3","63.2","47.3",,"290","290","36.0","42"
"USW00023234","SAN FRANCISCO INTERNATIONAL AIRPORT, CA US","2021-03","10.5","2","2","10","5",,,"0","0","0","4","0","43",,,"0.47","81","1736","315","1.39",,"54.9","63.1","46.8",,"280","280","38.9","48"
"USW00023234","SAN FRANCISCO INTERNATIONAL AIRPORT, CA US","2021-04","13.0","8","5","0","0",,,"0","0","0","5","0","47",,,"0.00","84","1960","224","0.00",,"57.7","65.1","50.3",,"280","270","48.1","58"
"USW00023234","SAN FRANCISCO INTERNATIONAL AIRPORT, CA US","2021-05","15.7","11","3","0","0",,,"0","0","0","10","0","49",,,"0.00","84","2115","155","0.00",,"60.1","68.1","52.0",,"280","280","48.1","57"
"USW00023234","SAN FRANCISCO INTERNATIONAL AIRPORT, CA US","2021-06","13.6","66","55","0","0",,,"0","0","0","23","1","53",,,"0.00","90","2147","32","0.00",,"65.8","73.6","57.9",,"280","270","40.0","48"
"USW00023234","SAN FRANCISCO INTERNATIONAL AIRPORT, CA US","2021-07","12.8","89","23","0","0",,,"0","0","0","24","0","53",,,"0.00","78","41","41","0.00",,"64.4","72.0","56.8",,"280","270","32.0","41"
"USW00023234","SAN FRANCISCO INTERNATIONAL AIRPORT, CA US","2021-08","11.0","123","33","0","0",,,"0","0","0","27","0","55",,,"0.00","89","61","20","0.00",,"65.4","73.4","57.4",,"270","270","38.9","44"
"USW00023234","SAN FRANCISCO INTERNATIONAL AIRPORT, CA US","2021-09","10.5","155","33","0","0",,,"0","0","0","23","1","53",,,"0.00","90","97","35","0.00",,"64.9","73.4","56.4",,"280","280","35.1","40"
"USW00023234","SAN FRANCISCO INTERNATIONAL AIRPORT, CA US","2021-10","9.6","177","22","7","6",,,"0","0","0","14","0","48",,,"4.02","87","207","111","5.84",,"62.1","69.8","54.4",,"190","180","44.1","60"
"USW00023234","SAN FRANCISCO INTERNATIONAL AIRPORT, CA US","2021-11","5.4","177","0","5","3",,,"0","0","0","3","0","46",,,"0.28","71","400","192","0.63",,"58.6","65.5","51.7",,"140","140","30.0","36"
"USW00023234","SAN FRANCISCO INTERNATIONAL AIRPORT, CA US","2021-12","8.1","177","0","16","12",,,"0","0","0","1","0","39",,,"3.14","70","836","436","9.81",,"50.9","55.8","46.1",,"220","190","36.9","47"
"USW00023234","SAN FRANCISCO INTERNATIONAL AIRPORT, CA US","2022-01","4.7","0","0","2","2",,,"0","0","0","0","0","35",,,"0.27","66","1231","395","0.42",,"52.3","59.3","45.2",,"70","280","29.1","36"
"USW00023234","SAN FRANCISCO INTERNATIONAL AIRPORT, CA US","2022-02","7.8","0","0","1","0",,,"0","0","0","7","0","37",,,"0.01","78","1528","297","0.01",,"54.4","64.2","44.6",,"290","280","38.9","47"
"USW00023234","SAN FRANCISCO INTERNATIONAL AIRPORT, CA US","2022-03","11.0","2","2","5","2",,,"0","0","0","3","0","41",,,"0.14","82","1821","292","0.44",,"55.6","63.5","47.7",,"290","210","40.0","52"
"USW00023234","SAN FRANCISCO INTERNATIONAL AIRPORT, CA US","2022-04","14.3","10","8","6","4",,,"0","0","0","4","0","45",,,"0.40","89","2054","233","0.97",,"57.5","65.6","49.4",,"290","300","42.9","60"
"USW00023234","SAN FRANCISCO INTERNATIONAL AIRPORT, CA US","2022-05","15.7","19","9","0","0",,,"0","0","0","12","0","47",,,"0.00","87","2215","162","0.00",,"60.1","68.6","51.5",,"290","300","42.9","58"
"USW00023234","SAN FRANCISCO INTERNATIONAL AIRPORT, CA US","2022-06","14.8","61","42","2","0",,,"0","0","0","18","2","51",,,"0.03","98","2280","64","0.05",,"64.2","73.2","55.2",,"270","280","42.9","56"
"USW00023234","SAN FRANCISCO INTERNATIONAL AIRPORT, CA US","2022-07","13.2","78","17","0","0",,,"0","0","0","19","0","53",,,"0.00","81","62","62","0.00",,"63.6","70.4","56.7",,"260","280","33.1","44"
"USW00023234","SAN FRANCISCO INTERNATIONAL AIRPORT, CA US","2022-08","12.1","141","62","1","0",,,"0","0","0","31","0","55",,,"0.01","83","66","4","0.01",,"66.9","74.9","58.9",,"280","280","38.0","48"
"USW00023234","SAN FRANCISCO INTERNATIONAL AIRPORT, CA US","2022-09","11.4","251","110","3","2",,,"0","0","0","25","3","55",,,"0.16","97","81","15","0.27",,"68.2","77.1","59.3",,"300","270","30.0","40"
"USW00023234","SAN FRANCISCO INTERNATIONAL AIRPORT, CA US","2022-10","9.4","263","12","1","0",,,"0","0","0","10","0","47",,,"0.01","86","212","132","0.01",,"61.1","68.9","53.4",,"290","280","33.1","43"
"USW00023234","SAN FRANCISCO INTERNATIONAL AIRPORT, CA US","2022-11","6.9","263","0","8","2",,,"0","0","0","0","0","41",,,"1.20","69","544","332","1.59",,"53.9","62.2","45.7",,"290","300","35.1","44"
"USW00023234","SAN FRANCISCO INTERNATIONAL AIRPORT, CA US","2022-12","6.5","263","0","13","11",,,"0","0","0","0","0","38",,,"3.67","64","998","453","9.65",,"50.4","56.2","44.6",,"190","200","40.9","55"
"USW00023234","SAN FRANCISCO INTERNATIONAL AIRPORT, CA US","2023-01","10.5","0","0","14","13",,,"0","0","0","0","0","36",,,"1.65","69","1344","346","9.31",,"53.8","59.8","47.9",,"160","160","53.9","69"
"USW00023234","SAN FRANCISCO INTERNATIONAL AIRPORT, CA US","2023-02","9.6","0","0","10","7",,,"0","0","0","0","0","39",,,"0.64","67","1749","405","3.40",,"50.5","58.1","42.9",,"300","280","49.0","68"
"USW00023234","SAN FRANCISCO INTERNATIONAL AIRPORT, CA US","2023-03","11.0","0","0","19","13",,,"0","0","0","0","0","39",,,"1.12","66","2147","398","6.60",,"52.2","58.3","46.0",,"200","210","55.0","77"
"USW00023234","SAN FRANCISCO INTERNATIONAL AIRPORT, CA US","2023-04","13.6","1","1","2","0",,,"0","0","0","5","0","42",,,"0.06","83","2410","262","0.10",,"56.3","63.9","48.7",,"300","290","40.0","57"
"USW00023234","SAN FRANCISCO INTERNATIONAL AIRPORT, CA US","2023-05","11.6","4","2","5","2",,,"0","0","0","4","0","50",,,"0.48","82","2585","175","0.72",,"59.4","65.5","53.4",,"290","250","31.1","42"
"USW00023234","SAN FRANCISCO INTERNATIONAL AIRPORT, CA US","2023-06","12.5","4","0","1","0",,,"0","0","0","14","0","52",,,"0.01","75","2670","85","0.01",,"62.2","69.0","55.4",,"270","280","35.1","45"
"USW00023234","SAN FRANCISCO INTERNATIONAL AIRPORT, CA US","2023-07","13.4","23","18","0","0",,,"0","0","0","24","0","54",,,"0.00","81","47","47","0.00",,"64.1","71.9","56.3",,"260","260","32.0","45"
"USW00023234","SAN FRANCISCO INTERNATIONAL AIRPORT, CA US","2023-08","11.9","129","106","1","0",,,"0","0","0","28","1","57",,,"0.03","91","55","8","0.03",,"68.2","76.6","59.7",,"290","200","31.1","41"
"USW00023234","SAN FRANCISCO INTERNATIONAL AIRPORT, CA US","2023-09","10.1","171","42","2","0",,,"0","0","0","29","0","55",,,"0.02","77","64","9","0.03",,"66.1","73.3","58.9",,"280","270","31.1","43"
"USW00023234","SAN FRANCISCO INTERNATIONAL AIRPORT, CA US","2023-10","7.8","253","82","0","0",,,"0","0","0","27","4","49",,,"0.00","92","98","35","0.00",,"66.5","75.9","57.1",,"300","270","25.9","33"
"USW00023234","SAN FRANCISCO INTERNATIONAL AIRPORT, CA US","2023-11","6.3","259","6","9","4",,,"0","0","0","12","0","45",,,"0.48","79","244","146","1.42",,"60.3","68.2","52.5",,"300","310","32.0","42"
"USW00023234","SAN FRANCISCO INTERNATIONAL AIRPORT, CA US","2023-12","5.6","259","0","11","7",,,"0","0","0","0","0","43",,,"1.30","66","525","281","3.91",,"55.9","61.9","50.0",,"280","200","28.0","36"
"USW00023234","SAN FRANCISCO INTERNATIONAL AIRPORT, CA US","2024-01","6.9","0","0","14","12",,,"0","0","0","0","0","39",,,"1.14","66","862","337","5.05",,"54.1","59.6","48.7",,"270","280","32.0","46"
"USW00023234","SAN FRANCISCO INTERNATIONAL AIRPORT, CA US","2024-02","8.3","0","0","13","11",,,"0","0","0","0","0","40",,,"1.17","69","1187","324","4.60",,"53.8","60.1","47.6",,"180","180","47.0","77"
"USW00023234","SAN FRANCISCO INTERNATIONAL AIRPORT, CA US","2024-03","10.7","0","0","15","11",,,"0","0","0","2","0","44",,,"0.98","73","1474","287","3.44",,"55.7","61.7","49.8",,"210","200","42.9","54"
"USW00023234","SAN FRANCISCO INTERNATIONAL AIRPORT, CA US","2024-04","12.8","0","0","3","2",,,"0","0","0","9","0","44",,,"0.50","76","1693","219","0.77",,"57.7","65.2","50.2",,"280","290","38.0","46"
"USW00023234","SAN FRANCISCO INTERNATIONAL AIRPORT, CA US","2024-05","12.5","11","10","1","1",,,"0","0","0","13","0","48",,,"0.95","84","1834","141","0.95",,"60.8","69.1","52.5",,"270","270","38.0","48"
"USW00023234","SAN FRANCISCO INTERNATIONAL AIRPORT, CA US","2024-06","14.5","15","5","0","0",,,"0","0","0","12","0","50",,,"0.00","81","1955","120","0.00",,"61.1","69.6","52.6",,"280","280","42.9","55"
"USW00023234","SAN FRANCISCO INTERNATIONAL AIRPORT, CA US","2024-07","12.5","55","39","0","0",,,"0","0","0","22","0","54",,,"0.00","88","55","55","0.00",,"64.5","73.2","55.8",,"300","280","31.1","40"
"USW00023234","SAN FRANCISCO INTERNATIONAL AIRPORT, CA US","2024-08","13.0","67","12","1","1",,,"0","0","0","15","0","51",,,"0.10","86","150","94","0.10",,"62.3","70.2","54.5",,"280","270","32.0","42"
"USW00023234","SAN FRANCISCO INTERNATIONAL AIRPORT, CA US","2024-09","11.4","89","22","0","0",,,"0","0","0","18","0","51",,,"0.00","87","229","80","0.00",,"63.0","71.7","54.2",,"280","290","38.0","50"
"USW00023234","SAN FRANCISCO INTERNATIONAL AIRPORT, CA US","2024-10","8.7","173","84","1","0",,,"0","0","0","19","4","46",,,"0.01","98","322","92","0.01",,"64.7","74.4","55.1",,"290","300","30.0","38"
"USW00023234","SAN FRANCISCO INTERNATIONAL AIRPORT, CA US","2024-11","8.3","173","0","10","6",,,"0","0","0","5","0","41",,,"2.55","73","580","258","4.04",,"56.4","63.7","49.1",,"160","300","32.0","52"
"USW00023234","SAN FRANCISCO INTERNATIONAL AIRPORT, CA US","2024-12",,"173","0","13","10",,,"0","0","0","0","0","43",,,"1.59","67","902","322","4.52",,"54.6","60.6","48.6",,,,,
"USW00023234","SAN FRANCISCO INTERNATIONAL AIRPORT, CA US","2025-01","5.6","0","0","3","2",,,"0","0","0","1","0","39",,,"0.12","71","1288","386","0.24",,"52.5","59.9","45.2",,"360","70","30.0","37"
"USW00023234","SAN FRANCISCO INTERNATIONAL AIRPORT, CA US","2025-02","9.2","0","0","11","6",,,"0","0","0","2","0","38",,,"1.90","71","1599","311","5.12",,"53.9","61.2","46.6",,"180","170","42.9","69"
"USW00023234","SAN FRANCISCO INTERNATIONAL AIRPORT, CA US","2025-03",,,,,,,,,,,,,,,,,,,,,,,,,,,,,
